{"train_loss": [0.1982021281681955, 0.08292900400898523, 0.06978942808560613, 0.07939985074009746, 0.07503268492211485, 0.07508237874363032, 0.07679416961828246, 0.07769333562379083, 0.07739670923970536, 0.10525827501269264, 0.10205176683960275, 0.07469924102433853, 0.06695664948835556, 0.06558357348639725, 0.06281303458916955, 0.06155603498070397, 0.06419749883194971, 0.0652352721993294, 0.06127909204425911, 0.06108221301221703, 0.060605719899629346, 0.06117283597272924, 0.059349537630824165, 0.07470863831472686, 0.07496003876564403, 0.06885443378386036, 0.07690487515233044, 0.07564051018251727, 0.09560279559602754, 0.08978508937772778, 0.08069435790708909, 0.07193365503682031, 0.07009434606341852, 0.06451134678359247, 0.06876265616539037, 0.0674868612099025, 0.06408778923480875, 0.06152296237911408, 0.059173987389386944, 0.054656005767122325, 0.05896155956423738, 0.06734341567454653, 0.07628631339103191, 0.08048015218957638, 0.0800599897010252, 0.07382215956251861, 0.06696645966198088, 0.06798228487926018, 0.07072282350345308], "train_acc": [91.08333333333333, 97.38333333333334, 97.70555555555555, 97.42222222222222, 97.55555555555556, 97.58333333333333, 97.47777777777777, 97.52222222222223, 97.5111111111111, 96.46111111111111, 96.59444444444445, 97.47777777777777, 97.75555555555556, 97.84444444444445, 97.91666666666667, 98.11111111111111, 97.91666666666667, 97.7388888888889, 97.9888888888889, 97.92777777777778, 98.05555555555556, 97.97222222222223, 98.17777777777778, 97.37777777777778, 97.5111111111111, 97.79444444444445, 97.53333333333333, 97.43888888888888, 96.81666666666666, 96.9888888888889, 97.37222222222222, 97.67777777777778, 97.7388888888889, 97.96111111111111, 97.71666666666667, 97.82222222222222, 97.85555555555555, 98.0, 98.07777777777778, 98.18333333333334, 98.13333333333334, 97.75, 97.53333333333333, 97.31111111111112, 97.37222222222222, 97.52777777777777, 97.77222222222223, 97.75555555555556, 97.58333333333333], "val_loss": [0.12150669355038554, 0.11815242252871394, 0.09605746101448312, 0.10996197123639286, 0.12217073985096068, 0.12532845343416557, 0.10145922832598445, 0.11739082288788631, 0.07993742775660939, 0.21597375545743852, 0.19299172662803904, 0.08633410760015249, 0.10126559402327985, 0.22617946456186475, 0.1563403417253867, 0.1635342826070264, 0.10436409661546349, 0.12142484377976506, 0.10504065689374693, 0.07929367377515882, 0.08123600135091692, 0.07421237177960574, 0.09768001244566403, 0.2635667482619174, 0.09814998865500092, 0.07328898622840643, 0.13412656504008919, 0.131642365584441, 0.12949588666856288, 0.102639245740138, 0.0759499073335901, 0.12772268586140126, 0.12226321457675658, 0.11120616651698947, 0.10014636696130037, 0.09745243458636105, 0.10419922918174415, 0.11869246615516021, 0.12141866159299389, 0.1142235883953981, 0.07225911087542772, 0.1664446531489957, 0.17116519401641564, 0.1810615665265359, 0.13966941245272754, 0.09149179404485039, 0.23251447588577867, 0.09726056202407926, 0.11942574843578041], "val_acc": [95.6, 96.25, 96.6, 95.75, 96.15, 95.95, 96.85, 96.6, 97.45, 93.4, 94.65, 96.75, 96.55, 91.4, 94.9, 95.2, 96.05, 95.45, 96.35, 97.0, 97.1, 97.8, 97.35, 92.35, 96.75, 97.45, 95.5, 95.4, 95.25, 96.4, 97.45, 95.75, 95.6, 96.3, 95.85, 96.2, 95.85, 95.35, 95.8, 95.6, 97.45, 94.65, 94.4, 94.4, 95.45, 97.0, 92.1, 96.55, 96.05]}