{"train_loss": [0.1557433215455773, 0.06627359122560463, 0.055244478375068864, 0.0529773544922678, 0.05354887917306688, 0.054217125652668376, 0.047780081424008435, 0.04206137395921784, 0.047629386987847584, 0.04525029767082176, 0.04433751469984418, 0.044609386070657314, 0.047875707220079174, 0.04365072051562472, 0.03912904120104698, 0.03825665545021184, 0.040822394807939415, 0.041287626578162116, 0.04264115012537999, 0.04310704528281672, 0.04064282464724965, 0.05097296278582265, 0.04425162095540307, 0.04069178535354634, 0.03962981244137821, 0.03566697425641016, 0.03701406707521528, 0.03756883042824403, 0.03892807882470596, 0.03844200949109573, 0.04086417035272138, 0.04242908372067743, 0.03635233358542125, 0.03843950126726284, 0.037560961043048235, 0.0356335708969014, 0.03674931534837621, 0.03582698435170783, 0.04989779052108578, 0.037298831546886096, 0.05183459260609622, 0.047825399063398236, 0.03435191155522544, 0.035388828454125255, 0.0388524459352872, 0.035701513382450985, 0.03170015930311961, 0.03795483884931956, 0.03346111732907593], "train_acc": [92.42777777777778, 98.11111111111111, 98.34444444444445, 98.39444444444445, 98.39444444444445, 98.4, 98.52777777777777, 98.72777777777777, 98.56666666666666, 98.67777777777778, 98.63333333333334, 98.63333333333334, 98.6, 98.66111111111111, 98.83333333333333, 98.81666666666666, 98.78333333333333, 98.77222222222223, 98.77222222222223, 98.78333333333333, 98.82777777777778, 98.42777777777778, 98.74444444444444, 98.77777777777777, 98.77777777777777, 98.91666666666667, 98.86666666666666, 98.86666666666666, 98.83888888888889, 98.85555555555555, 98.75555555555556, 98.77777777777777, 98.88333333333334, 98.81666666666666, 98.9, 98.95, 98.86111111111111, 98.86111111111111, 98.49444444444444, 98.91666666666667, 98.42777777777778, 98.58888888888889, 99.02222222222223, 98.91111111111111, 98.82222222222222, 98.97222222222223, 99.08888888888889, 98.9, 98.94444444444444], "val_loss": [0.09880199482571334, 0.10622194973158185, 0.08927824435383082, 0.06578909131046384, 0.06724588361164206, 0.06969404806458625, 0.053412393868900836, 0.0781624011535896, 0.07339059315621853, 0.07129112135479226, 0.055334185503423214, 0.0865243791427929, 0.06502430222765543, 0.08265549308946356, 0.061082759650424125, 0.058021139342337845, 0.07606224259082228, 0.0745314121178817, 0.08486574063869193, 0.06514828286902048, 0.0860390192149207, 0.059987709596985954, 0.07089025284675882, 0.0706684714340372, 0.06833926827277173, 0.06982910145423375, 0.073768951081438, 0.057838632920989765, 0.058724056464619936, 0.08534158389572985, 0.0632763377763331, 0.07967331196833402, 0.0809871389940381, 0.06836451191920787, 0.05991864579170942, 0.09238832317828201, 0.07330270436219871, 0.07420203187130392, 0.06805883982335217, 0.06453403834055643, 0.10450153188733384, 0.06643856427096761, 0.07261521871073637, 0.0820059763554018, 0.07783273146877764, 0.05997862501570489, 0.06265160506870597, 0.06116891559027136, 0.06391187663690653], "val_acc": [97.15, 97.45, 97.7, 98.05, 98.25, 98.3, 98.55, 97.7, 97.65, 97.95, 97.95, 97.55, 98.05, 97.65, 98.45, 98.35, 97.55, 97.85, 97.75, 98.4, 97.4, 98.5, 98.05, 98.35, 98.15, 98.2, 98.0, 98.55, 98.25, 97.8, 98.2, 97.75, 98.15, 98.35, 98.15, 97.4, 98.05, 98.25, 98.1, 98.25, 97.4, 98.0, 98.1, 97.6, 97.95, 98.4, 98.15, 98.1, 98.2]}