{"train_loss": [0.10611039225180219, 0.04258864996498839, 0.028808842202802123, 0.02055277157081845, 0.01704512512750393, 0.014126099028528667, 0.010231895407150108, 0.008516761972492657, 0.006060107090891337, 0.013053181460182372, 0.011282416303630756, 0.006265375865346544, 0.0044697087735111486, 0.008377214179783196, 0.010967675809178113, 0.008186628752722733, 0.006091549136360735, 0.016352621662253552, 0.0024980071542309557, 0.0017719877153452373, 0.01070232505490382, 0.004441116316889728, 0.006659125948780783, 0.008809241399248212, 0.0016016461086690943, 0.0018638880498170714, 0.009754458760210308, 0.009350107182639388, 0.0025520960954501294, 0.0010253660445502344, 0.0006726288455456131, 0.009561022683383553, 0.004250511833142228, 0.005132869220976752, 0.003867453441188949, 0.001251108224483033, 0.0005126158847675807, 9.439683148469098e-05, 0.006094950384393123, 0.008324177361239865, 0.001361002237240238, 0.0016587727940285118, 0.0014326308972660334, 7.187030375798722e-05, 2.4659954277799063e-05, 0.009022707051799321, 0.00021013351902249668, 0.0001280270407557202, 0.016267043668036996], "train_acc": [96.32777777777778, 98.73333333333333, 99.11111111111111, 99.42222222222222, 99.52222222222223, 99.63333333333334, 99.72222222222223, 99.75555555555556, 99.82222222222222, 99.66666666666667, 99.72222222222223, 99.84444444444445, 99.87222222222222, 99.82222222222222, 99.76666666666667, 99.83888888888889, 99.83333333333333, 99.71111111111111, 99.95555555555555, 99.96111111111111, 99.81111111111112, 99.89444444444445, 99.86666666666666, 99.80555555555556, 99.97222222222223, 99.96666666666667, 99.82777777777778, 99.87222222222222, 99.95, 99.97777777777777, 99.97777777777777, 99.78333333333333, 99.93333333333334, 99.88888888888889, 99.90555555555555, 99.96666666666667, 99.97777777777777, 99.99444444444444, 99.87777777777778, 99.87222222222222, 99.97777777777777, 99.96666666666667, 99.98333333333333, 100.0, 100.0, 99.85555555555555, 99.99444444444444, 99.9888888888889, 99.82777777777778], "val_loss": [0.05963646859070286, 0.05994935625139624, 0.04324556769772971, 0.03529035498834855, 0.03423459510722023, 0.044166280282706, 0.05909427111930677, 0.04565839395376008, 0.08882086036881992, 0.05718871951525216, 0.04767781555674446, 0.05376184065454163, 0.05091005694387741, 0.10711174296187084, 0.06120856349186067, 0.08850537264137114, 0.055721994148856736, 0.03712273861301219, 0.04949108705047365, 0.044868328762333105, 0.07817247479593789, 0.13038814036180213, 0.1218359769736574, 0.05869841012743552, 0.07933669651252241, 0.08124155891194045, 0.25316241876206896, 0.08646625690874045, 0.07708977152835218, 0.07848666888934096, 0.07379277581238079, 0.04973442525505521, 0.06854579381393103, 0.13582945774495633, 0.07335838352815054, 0.09816637449726258, 0.12784123089995195, 0.12412284749681077, 0.2522042766992472, 0.14923927772193235, 0.13067296648967044, 0.09757609887897914, 0.1340519892122653, 0.1609902321988723, 0.1535226925037664, 0.09989339088349126, 0.11597354524195584, 0.15875000028416467, 0.16693082410685306], "val_acc": [98.2, 98.15, 98.85, 98.9, 99.15, 98.85, 98.9, 99.0, 98.2, 98.9, 98.7, 98.65, 98.8, 98.6, 98.7, 98.6, 98.9, 99.0, 99.0, 99.35, 98.5, 98.0, 98.75, 98.9, 98.7, 98.45, 98.1, 98.7, 99.0, 99.15, 99.25, 98.95, 98.75, 98.2, 99.0, 99.1, 99.1, 99.05, 98.35, 98.8, 98.8, 98.95, 98.65, 98.7, 98.7, 99.15, 99.05, 98.95, 98.9]}