{"train_loss": [0.27945499320907724, 0.19594722972147993, 0.1848979398270862, 0.17592683373365758, 0.17400021555657602, 0.1716867932562406, 0.16819342383162844, 0.16975252653694609, 0.16906616908706362, 0.1610922214218881, 0.16017480816213517, 0.15861334185760806, 0.15986351362205783, 0.15922674373865853, 0.15552319122110364, 0.15327405106360997, 0.15578276446618192, 0.1483946805151257, 0.14834181666538482, 0.15129442840231866, 0.14950785884394685, 0.1482909492488737, 0.15214576460439194, 0.14621048398127218, 0.14415206226112787, 0.14640721190879574, 0.1463262707280826, 0.14528691631548685, 0.14560822352007502, 0.15001023575619588, 0.1432900067516365, 0.14387390141083262, 0.14699878488728388, 0.14370601141328612, 0.1488209004496734, 0.14477163828490586, 0.1435180015457477, 0.14616353435988963, 0.1380258898321812, 0.14324321110694493, 0.14288715960563872, 0.14213606736438122, 0.14537305669588668, 0.14327795386560538, 0.14159834991467668, 0.1451460041711875, 0.13930518289474422, 0.14356313555178163, 0.14306084407762282], "train_acc": [84.76666666666667, 88.45555555555555, 88.7611111111111, 88.94444444444444, 88.58333333333333, 89.30555555555556, 89.07222222222222, 89.09444444444445, 88.91111111111111, 89.2, 89.15555555555555, 89.28888888888889, 89.27777777777777, 89.2388888888889, 89.76666666666667, 89.32777777777778, 89.73333333333333, 89.91111111111111, 89.86666666666666, 89.52222222222223, 89.52777777777777, 89.61666666666666, 89.55555555555556, 89.5, 90.25, 89.62777777777778, 89.81111111111112, 89.84444444444445, 89.82222222222222, 89.52222222222223, 89.87777777777778, 89.82222222222222, 89.82777777777778, 89.76666666666667, 89.82222222222222, 89.80555555555556, 89.75, 89.52777777777777, 90.12222222222222, 89.94444444444444, 89.96666666666667, 89.88333333333334, 89.83333333333333, 89.80555555555556, 89.9888888888889, 89.54444444444445, 89.75555555555556, 89.91111111111111, 89.60555555555555], "val_loss": [0.11740619058907031, 0.07553459775447846, 0.05393852856755257, 0.03551644651778042, 0.035935592104680836, 0.030393551167100668, 0.03136773393442854, 0.03146685739979148, 0.05050200248137116, 0.04591452804300934, 0.02930098708719015, 0.06894911363255232, 0.03533472332637757, 0.027679974863305687, 0.02695479922601953, 0.02849862583738286, 0.028123374244547448, 0.023044920999906026, 0.025658160490274896, 0.02149642709409818, 0.029543722518254073, 0.02342336102342233, 0.023320964543381707, 0.01495823551758076, 0.032282883904408664, 0.02307436081650667, 0.026239617114479186, 0.022538393959635868, 0.021253225085616577, 0.03376714791206177, 0.031041839905170492, 0.017057466814352665, 0.027870112668868387, 0.025973923753896087, 0.026014493412832962, 0.023620211809720786, 0.029877851843597456, 0.020848908438609214, 0.016686210850952194, 0.021595380836872208, 0.018422136276960373, 0.021190189090848435, 0.025944687368173618, 0.017195924935647783, 0.022826426873834862, 0.027842699056967832, 0.027252098253890834, 0.021523701928103947, 0.01748493526728771], "val_acc": [95.75, 98.15, 98.5, 99.05, 98.7, 99.05, 98.95, 98.95, 98.35, 98.25, 99.15, 97.75, 98.8, 98.95, 98.85, 99.15, 98.95, 99.4, 99.15, 99.25, 99.3, 99.15, 99.25, 99.3, 98.8, 99.1, 99.25, 99.25, 99.35, 98.7, 99.25, 99.15, 99.15, 99.3, 99.25, 99.3, 99.05, 99.1, 99.35, 99.3, 99.2, 99.25, 99.1, 99.4, 99.2, 99.3, 99.3, 99.45, 99.55]}