{"train_loss": [0.2799758799440331, 0.10177403019823962, 0.08403081091141536, 0.07493261339474055, 0.07028120338420073, 0.058106534477478516, 0.05365439841368546, 0.04826090381377273, 0.04494869234252514, 0.040724938904982994, 0.04250061982401854, 0.03348721531421567, 0.034270201504049407, 0.030194368728397723, 0.027925275628325634, 0.028725567713334586, 0.027318031081431805, 0.022000311782029006, 0.023876088581387497, 0.022715719416718155, 0.02021346181819293, 0.019845861613837768, 0.01946141794599761, 0.0182914589898913, 0.016821060543963946, 0.01664148188594845, 0.013953908132588065, 0.01664683071178701, 0.016107377367692403, 0.013588748994708617, 0.014166158468613705, 0.01139006163181653, 0.012729200651380071, 0.010684157250950496, 0.011868489145181634, 0.011951418255656284, 0.009511877312513711, 0.011602375019048648, 0.008836244552772567, 0.011826960434173089, 0.008303264597780071, 0.008491819135711315, 0.009512822667280084, 0.008835524216408885, 0.007941329264453493, 0.007127161851669876, 0.006932007683764015, 0.006842939960845191, 0.006798483724323483], "train_acc": [89.57777777777778, 96.75555555555556, 97.2388888888889, 97.60555555555555, 97.83888888888889, 98.21111111111111, 98.20555555555555, 98.52222222222223, 98.53888888888889, 98.7388888888889, 98.71111111111111, 98.92222222222222, 98.9, 99.01666666666667, 99.03888888888889, 99.05, 99.16666666666667, 99.27222222222223, 99.2611111111111, 99.21666666666667, 99.36666666666666, 99.35555555555555, 99.35, 99.36111111111111, 99.45, 99.49444444444444, 99.52222222222223, 99.45555555555555, 99.5111111111111, 99.61111111111111, 99.52777777777777, 99.67222222222222, 99.63888888888889, 99.61666666666666, 99.63888888888889, 99.62222222222222, 99.68333333333334, 99.61111111111111, 99.75555555555556, 99.56666666666666, 99.77777777777777, 99.7388888888889, 99.63333333333334, 99.72777777777777, 99.75, 99.78888888888889, 99.7611111111111, 99.78333333333333, 99.79444444444445], "val_loss": [0.08581895120069384, 0.07778968922421337, 0.06461490165814757, 0.06274000766128301, 0.06673657098039985, 0.05386624050792307, 0.04278431484196335, 0.048249663166701796, 0.04655046589835547, 0.09668299487419427, 0.04101556914113462, 0.046129693059949205, 0.0420788558984641, 0.06670067851245404, 0.04283000527333934, 0.04157016498059966, 0.043743224327685314, 0.04186579589487519, 0.04391049095720519, 0.03854426601761952, 0.046052405409514906, 0.041308840022364166, 0.03977581595932134, 0.04387014628777979, 0.030598138460452902, 0.03950012472654635, 0.04476157143661112, 0.03542854576586978, 0.041861579720134615, 0.03972870387399235, 0.040518764965119775, 0.0353967662245268, 0.03582181864361337, 0.039601929977492546, 0.03733950098261994, 0.032603107621427624, 0.03125527296767541, 0.04062203136183962, 0.03753686882333204, 0.04422898108687332, 0.04270952325427425, 0.05230355175583099, 0.039689356453960496, 0.028621696342328504, 0.03771143122924696, 0.03359537821634876, 0.04160899405722376, 0.040894180523380785, 0.03817751469118548], "val_acc": [96.85, 97.45, 98.0, 97.85, 97.6, 98.25, 98.75, 98.4, 98.4, 97.55, 98.75, 98.35, 98.85, 97.7, 98.8, 98.95, 98.75, 98.8, 98.75, 98.9, 98.9, 99.0, 98.8, 98.5, 99.3, 98.95, 98.75, 99.05, 98.85, 99.0, 98.85, 99.25, 99.0, 99.2, 99.1, 99.35, 99.3, 98.95, 99.0, 98.65, 98.95, 98.55, 98.75, 99.1, 99.25, 99.05, 99.05, 99.3, 99.2]}