{"train_loss": [0.33900223745240105, 0.10109737253199436, 0.07251833468748049, 0.05630646482289821, 0.043582606443669646, 0.039985418306417865, 0.038503973859064795, 0.032063988947002346, 0.029531785353044848, 0.02723118432319542, 0.025115325731315856, 0.02299063678627782, 0.021608508441357116, 0.019040005708431028, 0.019333136901586032, 0.017135356649620615, 0.016005275848855995, 0.018671154816852425, 0.016534179003888212, 0.012586590799411674, 0.013086241633386534, 0.012267863265055794, 0.011094091879175419, 0.013638998530192112, 0.012464048381245447, 0.011010060110997276, 0.009310638983151268, 0.009187466900946876, 0.007833416426217557, 0.00888523617956778, 0.009607207077888334, 0.0068499813607556664, 0.009625944893917347, 0.008800803550229804, 0.007293278433563198, 0.004504788656081802, 0.00946643867219872, 0.0045499019988738685, 0.007690324841092257, 0.007476556329018662, 0.004276675410474834, 0.006520099803566483, 0.0076714377013885615, 0.004465429997546506, 0.004476149023106599, 0.00707534166241928, 0.003776275958553457, 0.005690421944279415, 0.0034251273840069543], "train_acc": [88.33333333333333, 96.56111111111112, 97.61111111111111, 98.03333333333333, 98.59444444444445, 98.65, 98.77222222222223, 99.0, 98.9888888888889, 99.10555555555555, 99.19444444444444, 99.2, 99.28333333333333, 99.31666666666666, 99.37777777777778, 99.43888888888888, 99.5111111111111, 99.41666666666667, 99.38333333333334, 99.61666666666666, 99.6, 99.58888888888889, 99.65555555555555, 99.57777777777778, 99.61666666666666, 99.62777777777778, 99.7388888888889, 99.71666666666667, 99.78333333333333, 99.68888888888888, 99.7, 99.8, 99.74444444444444, 99.70555555555555, 99.78888888888889, 99.89444444444445, 99.67777777777778, 99.9, 99.78333333333333, 99.73333333333333, 99.88333333333334, 99.75, 99.77777777777777, 99.86666666666666, 99.87222222222222, 99.78333333333333, 99.87222222222222, 99.86666666666666, 99.91111111111111], "val_loss": [0.11335779887065292, 0.08759464797377586, 0.06714131996594369, 0.06820459208544344, 0.05181723863584921, 0.051931585681042634, 0.052971364771015945, 0.05544970021321206, 0.03814847785740858, 0.05586102882458363, 0.04142295129632111, 0.04201119430887047, 0.04117808758618776, 0.04270732465654146, 0.027631273339502514, 0.02981428701708501, 0.05258269053993717, 0.04431857732606295, 0.03160185155810177, 0.030816793426056394, 0.03267102120343589, 0.046773935073125356, 0.03636979020918079, 0.05319068790198071, 0.03706126441061497, 0.04302347726171865, 0.032069594484521076, 0.028802887910895605, 0.02762934856310767, 0.030776481849905394, 0.03245823551221292, 0.02889475257282811, 0.03201817279054012, 0.031077512113661214, 0.030138007765049223, 0.034567575414223936, 0.029110599999105945, 0.03261879783926997, 0.030403375929898516, 0.03256308940001236, 0.03147625744727679, 0.037838535571791794, 0.02715030418884635, 0.025869347150133764, 0.030162888790746367, 0.033310890708031365, 0.03608458930733877, 0.024317954503621876, 0.029312430840610432], "val_acc": [96.15, 96.95, 98.0, 97.75, 98.5, 98.45, 98.45, 98.5, 98.65, 98.25, 98.85, 98.85, 98.6, 98.3, 99.2, 99.05, 98.35, 98.55, 98.95, 98.9, 99.0, 98.6, 98.95, 99.0, 98.95, 98.85, 99.05, 98.95, 98.95, 98.95, 99.3, 99.1, 99.0, 98.85, 98.95, 99.05, 99.1, 99.15, 99.1, 99.25, 99.1, 99.15, 99.0, 99.2, 99.2, 99.0, 99.1, 99.4, 99.3]}