{"train_loss": [0.15207275666917364, 0.06671144923790255, 0.05342499627002204, 0.04583686444552667, 0.04312906190159265, 0.037521862195358455, 0.03525175258257918, 0.029379712305510314, 0.02755222945898034, 0.02545036635065076, 0.023457957326593008, 0.023361203293807597, 0.020985206844701478, 0.018619870735537714, 0.016411019226139616, 0.016829026524765745, 0.01796817644376036, 0.016593625305013526, 0.012731523444783913, 0.012635086683264591, 0.011048588484005752, 0.012420058390207284, 0.007941528188788703, 0.011529315708675667, 0.010876545716260252, 0.005309486916373695, 0.009794101467970986, 0.008666398865519896, 0.007184980608130849, 0.007793766814431036, 0.0074003515796813545, 0.0073799959113671956, 0.005292873753458801, 0.004997531739817001, 0.006108669025751725, 0.006481935732730006, 0.002008253431144698, 0.008822927431109977, 0.0061774013547313935, 0.004963970330007378, 0.004261820457397145, 0.0037201707120038683, 0.004646806346178608, 0.005309845760079801, 0.0014990323454757125, 0.003967098481558699, 0.004668688668386291, 0.0025836968207731837, 0.004916379649012015], "train_acc": [94.45555555555555, 97.96666666666667, 98.32222222222222, 98.64444444444445, 98.61666666666666, 98.84444444444445, 98.89444444444445, 99.02777777777777, 99.04444444444445, 99.08888888888889, 99.29444444444445, 99.2388888888889, 99.27222222222223, 99.41111111111111, 99.49444444444444, 99.45, 99.46666666666667, 99.5, 99.55555555555556, 99.52222222222223, 99.65555555555555, 99.6, 99.7611111111111, 99.61111111111111, 99.65, 99.85555555555555, 99.67222222222222, 99.70555555555555, 99.78333333333333, 99.8, 99.76666666666667, 99.76666666666667, 99.86111111111111, 99.86666666666666, 99.8, 99.79444444444445, 99.96111111111111, 99.74444444444444, 99.83333333333333, 99.83333333333333, 99.89444444444445, 99.92222222222222, 99.83888888888889, 99.84444444444445, 99.96666666666667, 99.84444444444445, 99.83888888888889, 99.9, 99.83333333333333], "val_loss": [0.07182214596495032, 0.0653526500351727, 0.04349249971075915, 0.05390789303742349, 0.04190558029757813, 0.03389770732703619, 0.04085132975457236, 0.03418359867529944, 0.04091150782477052, 0.05051452073355904, 0.03503279312255472, 0.027904206839724794, 0.030884808202274145, 0.043996054617477055, 0.07309009096893715, 0.03359900683567685, 0.062053287060698493, 0.03308216874218488, 0.02093553638807498, 0.021562217085465817, 0.028599927190938616, 0.02733074188601313, 0.031001897833040856, 0.025546619072020802, 0.03037492104116245, 0.04104752699216033, 0.026767798915833738, 0.033869458111181305, 0.036777010179319405, 0.02622309772753215, 0.021807734597864965, 0.02256535891488511, 0.039636408312402636, 0.04365308140884917, 0.0349848805109541, 0.028876853589851408, 0.022214308135362723, 0.02493895475018593, 0.022077296590797234, 0.023509148264956366, 0.029588475494533212, 0.04973143203823329, 0.04286242377873168, 0.0351688569896405, 0.02607095437782394, 0.035069017916414466, 0.030020391179219244, 0.037372974891939977, 0.03867660809728454], "val_acc": [97.85, 98.05, 98.4, 98.25, 98.45, 99.05, 98.85, 98.95, 98.75, 98.35, 98.7, 99.25, 98.7, 98.65, 97.85, 98.85, 97.9, 99.1, 99.35, 99.15, 99.15, 99.3, 99.15, 99.2, 99.15, 99.0, 99.3, 98.8, 99.0, 99.1, 99.35, 99.25, 99.0, 98.85, 99.1, 99.2, 99.45, 99.4, 99.55, 99.35, 99.35, 98.95, 99.2, 99.2, 99.25, 99.15, 99.25, 99.2, 99.15]}