{"train_loss": [0.10589053340049254, 0.04392290910348917, 0.039118662528557856, 0.03182635567748043, 0.028688575676212268, 0.027622712825256815, 0.02553881914436028, 0.021852035648018096, 0.022166222798728694, 0.016830487319129235, 0.014968580658828968, 0.01584578286463208, 0.015059368728380023, 0.013336970755210838, 0.012499456509036362, 0.015234380334672146, 0.00762225463897903, 0.012854844739914167, 0.008268964213285143, 0.01263528110800131, 0.008382403344627563, 0.007235850928977198, 0.011271083146598243, 0.007051105118958844, 0.008129853274329529, 0.008034957574803315, 0.005303559945009485, 0.007092869914784604, 0.0075079545120966176, 0.00624123687120912, 0.0024690531512731803, 0.007099532318599679, 0.005597411480104677, 0.0023100836231373825, 0.009173328344928592, 0.0030121809841264957, 0.004583783002212531, 0.0033718434955192812, 0.0028256958794029624, 0.005074180274392684, 0.004333302766894944, 0.0027732094594377014, 0.0019756990653311017, 0.0058503587697695675, 0.0022816002144752687, 0.004238090850864373, 0.0012364134777825165, 0.0039420730577922865, 0.002593853411472327], "train_acc": [96.4, 98.62222222222222, 98.80555555555556, 98.95555555555555, 99.06666666666666, 99.09444444444445, 99.16666666666667, 99.35555555555555, 99.24444444444444, 99.50555555555556, 99.50555555555556, 99.44444444444444, 99.50555555555556, 99.56666666666666, 99.57222222222222, 99.50555555555556, 99.7611111111111, 99.56666666666666, 99.7388888888889, 99.59444444444445, 99.7611111111111, 99.78888888888889, 99.68333333333334, 99.80555555555556, 99.75, 99.76666666666667, 99.81666666666666, 99.78888888888889, 99.7388888888889, 99.77222222222223, 99.93888888888888, 99.7611111111111, 99.83888888888889, 99.92777777777778, 99.66111111111111, 99.94444444444444, 99.85, 99.87777777777778, 99.88333333333334, 99.8, 99.84444444444445, 99.91111111111111, 99.90555555555555, 99.81111111111112, 99.93333333333334, 99.85, 99.96111111111111, 99.89444444444445, 99.9], "val_loss": [0.11817694273591041, 0.05736972624983173, 0.03981006647297181, 0.035501676545274675, 0.04510290536296088, 0.037981510022829755, 0.06468785366462544, 0.03130535733291254, 0.03786933676837361, 0.04525953191978624, 0.048479052545746526, 0.036251254729232414, 0.037765720600255466, 0.03705489337009203, 0.030668904760263103, 0.022617799388477577, 0.035537082567740075, 0.032302294880610136, 0.03418101527517502, 0.029726308073234578, 0.03444502702708769, 0.04069758303172211, 0.03165782676342042, 0.030407475983023687, 0.02595926791136094, 0.030191250005158453, 0.05005760187620672, 0.03769715050169042, 0.03445936357472914, 0.0159710610418997, 0.037738040411041764, 0.04015404939544919, 0.03088699215320253, 0.03469841904909536, 0.030856463433101226, 0.038616607186256036, 0.03637117321078091, 0.03338524561108963, 0.052108621650494374, 0.043354049876707025, 0.03160365184491892, 0.024233080688479788, 0.042924538572759324, 0.03161657709158527, 0.024977198680702032, 0.02566170557316184, 0.0430390292157873, 0.03746563452728773, 0.025574040914690867], "val_acc": [96.5, 98.65, 98.95, 99.1, 98.35, 99.1, 98.05, 99.3, 98.9, 98.75, 98.9, 98.95, 99.05, 99.0, 99.35, 99.25, 99.25, 99.05, 99.1, 99.25, 98.95, 99.0, 99.15, 99.2, 99.4, 99.2, 98.8, 99.1, 98.95, 99.4, 99.15, 99.05, 99.25, 99.05, 99.1, 99.35, 99.3, 99.25, 99.15, 99.1, 99.4, 99.3, 99.25, 99.2, 99.4, 98.95, 99.15, 99.2, 99.35]}