{"train_loss": [0.27130574164953497, 0.07428542376573508, 0.060738354264396346, 0.04905397559107385, 0.044070836225834985, 0.038475134792685925, 0.03479486029968959, 0.036089692131228125, 0.02829660125206121, 0.028104085135739296, 0.026024720359975214, 0.02750483660477524, 0.021586365971908283, 0.021036960379334536, 0.02028133998738647, 0.0179130064866816, 0.017094998349295766, 0.014927844264536463, 0.01592336752173065, 0.016327509553571064, 0.01355135431333555, 0.012239745259749421, 0.013909807848541985, 0.011647168886597784, 0.01041557241217207, 0.010721947012089963, 0.011570173687076829, 0.00927365491818677, 0.01017054275658696, 0.01183048280865776, 0.008073047420081114, 0.01041576792399519, 0.008499937793870331, 0.007971154335985678, 0.009292878666653097, 0.006082430393871088, 0.0076437400183823586, 0.005745609066884147, 0.007687051953552681, 0.007931960053600456, 0.007450421565615266, 0.008395448129424039, 0.0038030884961964247, 0.006621523859830202, 0.005147119661048527, 0.006368393608086333, 0.0035362024569976806, 0.004213576383803349, 0.0063075317651932], "train_acc": [91.06666666666666, 97.56111111111112, 98.00555555555556, 98.34444444444445, 98.61666666666666, 98.81111111111112, 98.85555555555555, 98.88333333333334, 99.06666666666666, 99.12222222222222, 99.16666666666667, 99.11666666666666, 99.30555555555556, 99.36666666666666, 99.33888888888889, 99.43333333333334, 99.45, 99.4888888888889, 99.52222222222223, 99.5111111111111, 99.57777777777778, 99.59444444444445, 99.47222222222223, 99.67222222222222, 99.67777777777778, 99.67222222222222, 99.62222222222222, 99.7388888888889, 99.67222222222222, 99.64444444444445, 99.79444444444445, 99.67222222222222, 99.72222222222223, 99.72222222222223, 99.71111111111111, 99.83888888888889, 99.74444444444444, 99.85, 99.70555555555555, 99.75555555555556, 99.76666666666667, 99.76666666666667, 99.88333333333334, 99.75555555555556, 99.85, 99.79444444444445, 99.86111111111111, 99.85555555555555, 99.78333333333333], "val_loss": [0.0797637685071677, 0.07890757354255766, 0.05302861855551601, 0.03848789623565972, 0.04512219039304182, 0.03767987168254331, 0.03348488624813035, 0.03616280177724548, 0.046979040185920896, 0.03801412042276934, 0.03509453062247485, 0.03323201156733557, 0.0247605780181475, 0.024334688153263416, 0.027321390826720745, 0.03130486551990907, 0.026057575259765143, 0.02740243335562991, 0.03302336878502683, 0.025218951868009754, 0.03614456988938036, 0.03468256213790301, 0.03762352349827415, 0.03497416480554057, 0.036262648663407164, 0.023527799317445898, 0.03243706459309942, 0.035710950607825, 0.03144341299014559, 0.034124950751371216, 0.02903799565347799, 0.030981321462822963, 0.03282292487165614, 0.0323083916890464, 0.026422093498920732, 0.029938734010316694, 0.028922297305958636, 0.026095809089107205, 0.031250726341093465, 0.025676016634821282, 0.031720215663381165, 0.028151074219033036, 0.0304619677323268, 0.029435169403128156, 0.04314188491888126, 0.02604694815907493, 0.034291735589396584, 0.03460601639744118, 0.03133702727326499], "val_acc": [97.15, 96.8, 98.25, 98.75, 98.45, 98.65, 99.0, 98.9, 98.4, 98.9, 99.0, 98.55, 99.25, 99.35, 99.3, 98.75, 99.25, 99.25, 99.05, 99.35, 98.95, 99.05, 98.8, 99.05, 99.15, 99.4, 99.1, 99.25, 99.2, 99.05, 99.2, 99.25, 99.05, 98.9, 99.35, 99.35, 99.45, 99.0, 99.3, 99.1, 99.1, 99.3, 99.2, 99.25, 98.75, 99.25, 99.4, 99.25, 99.15]}