{"train_loss": [0.13292221827673104, 0.06314042474460116, 0.06582814165168545, 0.055562562723443586, 0.04543210591735422, 0.044380070271086876, 0.042042532250763744, 0.03808580460788734, 0.031936627085872006, 0.035136815301171735, 0.026792435293008263, 0.02889674888243543, 0.02276998643048622, 0.021512961055708324, 0.018041776377444977, 0.02035024095653514, 0.016857254505397375, 0.015496714024307343, 0.015343623907483764, 0.0168748916021644, 0.012177461734254595, 0.011535147358104647, 0.013028185411360431, 0.010132194851470912, 0.012553597468606667, 0.010919015424607575, 0.008690133958550986, 0.008919229763964491, 0.006662100831556991, 0.00793943043579947, 0.007379998311617947, 0.005121755708337694, 0.005711662735850139, 0.007821255210418957, 0.005321576769226432, 0.006127476114877651, 0.005382943091277284, 0.0088617495490707, 0.006438247115076385, 0.002395141460708093, 0.004600485477996354, 0.005101480489256636, 0.004396144074402597, 0.002776726073189, 0.0060534779184498715, 0.0012898934245488946, 0.00530261820528531, 0.0007911055440983342, 0.003893667538601363], "train_acc": [95.77222222222223, 98.06111111111112, 97.96666666666667, 98.31666666666666, 98.59444444444445, 98.63333333333334, 98.75555555555556, 98.77222222222223, 98.96111111111111, 98.92777777777778, 99.18333333333334, 99.06666666666666, 99.21111111111111, 99.35, 99.4, 99.32222222222222, 99.45, 99.46666666666667, 99.53333333333333, 99.43333333333334, 99.60555555555555, 99.59444444444445, 99.57222222222222, 99.69444444444444, 99.6, 99.63888888888889, 99.75, 99.70555555555555, 99.81666666666666, 99.72222222222223, 99.76666666666667, 99.85555555555555, 99.81666666666666, 99.7388888888889, 99.81666666666666, 99.78888888888889, 99.83333333333333, 99.76666666666667, 99.7611111111111, 99.92777777777778, 99.85, 99.85, 99.84444444444445, 99.90555555555555, 99.85555555555555, 99.96111111111111, 99.83888888888889, 99.98333333333333, 99.89444444444445], "val_loss": [0.1277773619098589, 0.13188479952374474, 0.12899013499543072, 0.06513739039748907, 0.04864331363572273, 0.10497403690079227, 0.03465639713066775, 0.0440644363881147, 0.046285564120742494, 0.056101244042627514, 0.04126570459076902, 0.04153246778878383, 0.03227888486955635, 0.040498201927053744, 0.0400013714327506, 0.04986567405844107, 0.03977701667584188, 0.03753222573260427, 0.03281236686138436, 0.033177807690168266, 0.047161143143472146, 0.029208149876423704, 0.042893677190597376, 0.03724479503916882, 0.0360096450208257, 0.0324665338392723, 0.03010583892391969, 0.0320585536308281, 0.031527667684165636, 0.03944898669825639, 0.0445957626722701, 0.03755105840668273, 0.05253118109048637, 0.05218521040626615, 0.047010656947957655, 0.036102629161830234, 0.04666078934895415, 0.07751167245083178, 0.029515523085270046, 0.035870662272950514, 0.03573795780330748, 0.04052712670013299, 0.040080581772635855, 0.03805484167170275, 0.0347687485872807, 0.037827187688442114, 0.039812367805309216, 0.04338900591074192, 0.04512048294989223], "val_acc": [96.0, 96.35, 96.35, 98.15, 98.6, 96.8, 98.95, 98.5, 98.8, 98.15, 98.75, 98.85, 99.1, 99.05, 99.05, 98.25, 98.85, 98.8, 99.1, 99.05, 98.75, 99.15, 98.85, 99.15, 99.2, 99.4, 99.1, 99.15, 99.4, 99.1, 99.05, 99.05, 99.05, 99.1, 99.15, 99.1, 99.15, 98.8, 99.4, 99.2, 99.35, 99.15, 99.15, 99.05, 99.3, 99.3, 99.25, 99.3, 99.25]}